name,description,latitude,longitude,image_url,type,source,state
Acadia National Park,"Acadia National Park is a national park of the United States located along the mid-section of the Maine coast, southwest of Bar Harbor. The park includes about half of Mount Desert Island, part of the Isle au Haut, the tip of the Schoodic Peninsula, and portions of sixteen smaller outlying islands.",44.35,-68.21666667,https://upload.wikimedia.org/wikipedia/commons/thumb/7/76/Bass_Harbor_Lighthouse_b.jpg/330px-Bass_Harbor_Lighthouse_b.jpg,natural,https://en.wikipedia.org/api/rest_v1/page/summary/Acadia_National_Park,Maine
Arches National Park,"Arches National Park is a national park of the United States in eastern Utah. The park is adjacent to the Colorado River, 4 mi (6 km) north of Moab, Utah. The park contains more than 2,000 natural sandstone arches, including the well-known Delicate Arch, which constitute the highest density of natural arches in the world. It also contains a variety of other unique geological resources and formations. The national park lies above an underground evaporite layer or salt bed, which is the main cause of the formation of the arches, spires, balanced rocks, sandstone fins, and eroded monoliths in the area.",38.72805556,-109.54,https://upload.wikimedia.org/wikipedia/commons/thumb/f/f0/Delicate_arch_sunset.jpg/330px-Delicate_arch_sunset.jpg,natural,https://en.wikipedia.org/api/rest_v1/page/summary/Arches_National_Park,Utah
Badlands National Park,"Badlands National Park is a national park of the United States in southwestern South Dakota. The park protects 242,756 acres of sharply eroded buttes and pinnacles, along with the largest undisturbed mixed grass prairie in the United States. The National Park Service manages the park, with the South Unit being co-managed with the Oglala Lakota tribe.",43.75,-102.5,https://upload.wikimedia.org/wikipedia/commons/thumb/b/b9/MK00609_Badlands.jpg/330px-MK00609_Badlands.jpg,natural,https://en.wikipedia.org/api/rest_v1/page/summary/Badlands_National_Park,South Dakota
Big Bend National Park,"Big Bend National Park is a national park of the United States located in West Texas, bordering Mexico. The park has national significance as the largest protected area of Chihuahuan Desert topography and ecology in the United States, and was named after a large bend in the Rio Grande/Río Bravo. The park protects more than 1,200 species of plants, more than 450 species of birds, 56 species of reptiles, and 75 species of mammals. Additional park activities include scenic drives, programs led by Big Bend park rangers, and stargazing.",29.25,-103.25,https://upload.wikimedia.org/wikipedia/commons/thumb/f/f6/Canyon%2C_Rio_Grande%2C_Texas.jpeg/330px-Canyon%2C_Rio_Grande%2C_Texas.jpeg,natural,https://en.wikipedia.org/api/rest_v1/page/summary/Big_Bend_National_Park,Texas
Biscayne National Park,"Biscayne National Park is a national park of the United States located south of Miami, Florida, in Miami-Dade County. The park preserves Biscayne Bay and its offshore barrier reefs. Ninety-five percent of the park is water, and the shore of the bay is the location of an extensive mangrove forest. The park covers 172,971 acres and includes Elliott Key, the park's largest island and northernmost of the true Florida Keys, formed from fossilized coral reef. The islands farther north in the park are transitional islands of coral and sand. The offshore portion of the park includes the northernmost region of the Florida Reef, one of the largest coral reefs in the world.",25.46944444,-80.18611111,https://upload.wikimedia.org/wikipedia/commons/thumb/4/48/Biscayne.JPG/330px-Biscayne.JPG,natural,https://en.wikipedia.org/api/rest_v1/page/summary/Biscayne_National_Park,Florida
Black Canyon of the Gunnison National Park,"Black Canyon of the Gunnison National Park is a national park of the United States located in western Colorado and managed by the National Park Service. The Black Canyon of the Gunnison was established as a national monument on March 2, 1933. It was redesignated a national park on October 21, 1999, and incorporated 4,000 acres owned by the Bureau of Land Management. The Gunnison Gorge National Conservation Area was created at the same time. There are two primary entrances to the park: the south rim entrance is located 15 miles (24 km) east of Montrose, while the north rim entrance is 11 miles (18 km) south of Crawford and is closed in the winter. The park contains 12 miles (19 km) of the 48-mile-long (77 km) Gunnison River. The national park itself contains the deepest and most dramatic section of the canyon, but the canyon continues upstream into Curecanti National Recreation Area and downstream into Gunnison Gorge National Conservation Area. The canyon's name owes itself to the fact that parts of the gorge only receive 33 minutes of sunlight a day, according to Images of America: The Black Canyon of the Gunnison. In the book, author Duane Vandenbusche states, ""Several canyons of the American West are longer and some are deeper, but none combines the depth, sheerness, narrowness, darkness, and dread of the Black Canyon.""",38.5791,-107.7276,https://upload.wikimedia.org/wikipedia/commons/thumb/0/0b/Black_Canyon_and_Gunnison_River_2008.jpg/330px-Black_Canyon_and_Gunnison_River_2008.jpg,natural,https://en.wikipedia.org/api/rest_v1/page/summary/Black_Canyon_of_the_Gunnison_National_Park,Colorado
Bryce Canyon National Park,"Bryce Canyon National Park is a national park of the United States located in southwestern Utah. The major feature of the park is Bryce Canyon, which despite its name, is not a canyon, but a collection of giant natural amphitheaters along the eastern side of the Paunsaugunt Plateau. Bryce is distinctive due to geological structures called hoodoos, formed by frost weathering and stream erosion of the river and lake bed sedimentary rock. The red, orange, and white colors of the rocks provide spectacular views for park visitors. Bryce Canyon National Park is much smaller and sits at a much higher elevation than nearby Zion National Park. The rim at Bryce varies from 8,000 to 9,000 feet.",37.64,-112.17,https://upload.wikimedia.org/wikipedia/commons/thumb/c/c3/Inspiration_Point_Bryce_Canyon_November_2018_panorama.jpg/330px-Inspiration_Point_Bryce_Canyon_November_2018_panorama.jpg,natural,https://en.wikipedia.org/api/rest_v1/page/summary/Bryce_Canyon_National_Park,Utah
Canyonlands National Park,"Canyonlands National Park is a national park of the United States located in southeastern Utah near the town of Moab. The park preserves a colorful landscape eroded into numerous canyons, mesas, and buttes by the Colorado River, the Green River, and their respective tributaries. Legislation creating the park was signed into law by President Lyndon B. Johnson on September 12, 1964.",38.16691,-109.75966,https://upload.wikimedia.org/wikipedia/commons/thumb/9/99/Green_River_Overlook_Ekker_Butte.jpg/330px-Green_River_Overlook_Ekker_Butte.jpg,natural,https://en.wikipedia.org/api/rest_v1/page/summary/Canyonlands_National_Park,Utah
Capitol Reef National Park,"Capitol Reef National Park is a national park of the United States in south-central Utah. The park is approximately 60 miles (100 km) long on its north–south axis and just 6 miles (10 km) wide on average. The park was established in 1971 to preserve 241,904 acres of desert landscape and is open all year, with May through September receiving the most visitors.",38.2,-111.16666667,https://upload.wikimedia.org/wikipedia/commons/thumb/1/1f/Capitol_Reef_National_Park.jpg/330px-Capitol_Reef_National_Park.jpg,natural,https://en.wikipedia.org/api/rest_v1/page/summary/Capitol_Reef_National_Park,Utah
Carlsbad Caverns National Park,Carlsbad Caverns National Park is a national park of the United States in the Guadalupe Mountains of southeastern New Mexico. The primary attraction of the park is the show cave Carlsbad Cavern. Visitors can hike in on their own via the natural entrance or take an elevator from the visitor center.,32.17527778,-104.44388889,https://upload.wikimedia.org/wikipedia/commons/thumb/d/dd/Carlsbad_Interior_Formations.jpg/330px-Carlsbad_Interior_Formations.jpg,natural,https://en.wikipedia.org/api/rest_v1/page/summary/Carlsbad_Caverns_National_Park,New Mexico
Channel Islands National Park,"Channel Islands National Park is a national park of the United States, which consists of five of the eight Channel Islands off the coast of California. Although the islands are close to the shore of the densely populated state, they have been relatively undeveloped. The park covers 249,561 acres (100,994 ha), of which 79,019 acres (31,978 ha) are federal land.",34.00833333,-119.41666667,https://upload.wikimedia.org/wikipedia/commons/thumb/4/42/Channel_Islands_National_Park_by_Sentinel-2.jpg/330px-Channel_Islands_National_Park_by_Sentinel-2.jpg,natural,https://en.wikipedia.org/api/rest_v1/page/summary/Channel_Islands_National_Park,California
Congaree National Park,"Congaree National Park is a 26,692.6-acre national park of the United States in central South Carolina, 18 miles southeast of the state capital, Columbia. The park preserves the largest tract of old growth bottomland hardwood forest left in the United States. The lush trees growing in its floodplain forest are some of the tallest in the eastern United States, forming one of the highest temperate deciduous forest canopies remaining in the world. The Congaree River flows through the park. About 15,000 acres are designated as a wilderness area.",33.78333333,-80.78333333,https://upload.wikimedia.org/wikipedia/commons/thumb/4/4f/A548%2C_Congaree_National_Park%2C_South_Carolina%2C_USA%2C_2012.jpg/330px-A548%2C_Congaree_National_Park%2C_South_Carolina%2C_USA%2C_2012.jpg,natural,https://en.wikipedia.org/api/rest_v1/page/summary/Congaree_National_Park,South Carolina
Crater Lake National Park,"Crater Lake National Park is a national park of the United States located in southern Oregon. Established in 1902, Crater Lake is the fifth-oldest national park in the United States and the only national park in Oregon. The park encompasses the caldera of Crater Lake, a remnant of Mount Mazama, a destroyed volcano, and the surrounding hills and forests.",42.91183,-122.14807,https://upload.wikimedia.org/wikipedia/commons/thumb/8/8d/Above_Crater_Lake_%28cropped%29.jpg/330px-Above_Crater_Lake_%28cropped%29.jpg,natural,https://en.wikipedia.org/api/rest_v1/page/summary/Crater_Lake_National_Park,Oregon
Cuyahoga Valley National Park,"Cuyahoga Valley National Park is a national park of the United States in Ohio that reclaims and preserves the industrial, commercial, and rural landscape along the Cuyahoga River between Akron and Cleveland in Northeast Ohio.",41.24166667,-81.54972222,https://upload.wikimedia.org/wikipedia/commons/thumb/a/a4/Cuyahoga_Valley_National_Park_20.jpg/330px-Cuyahoga_Valley_National_Park_20.jpg,natural,https://en.wikipedia.org/api/rest_v1/page/summary/Cuyahoga_Valley_National_Park,Ohio
Death Valley National Park,"Death Valley National Park is a national park of the United States that straddles the California–Nevada border, east of the Sierra Nevada. The park boundaries include Death Valley, the northern section of Panamint Valley, the southern section of Eureka Valley and most of Saline Valley.",36.24194444,-116.82583333,https://upload.wikimedia.org/wikipedia/commons/thumb/8/87/Mesquite_Sand_Dunes_in_Death_Valley.jpg/330px-Mesquite_Sand_Dunes_in_Death_Valley.jpg,natural,https://en.wikipedia.org/api/rest_v1/page/summary/Death_Valley_National_Park,California
Denali National Park and Preserve,"Denali National Park and Preserve, formerly known as Mount McKinley National Park, is a United States national park and preserve located in Interior Alaska, centered on Denali, the highest mountain in North America. The park and contiguous preserve encompass 6,045,153 acres which is larger than the state of New Hampshire. On December 2, 1980, 2,146,580-acre Denali Wilderness was established within the park. Denali's landscape is a mix of forest at the lowest elevations, including deciduous taiga, with tundra at middle elevations, and glaciers, snow, and bare rock at the highest elevations. The longest glacier is Kahiltna Glacier. Wintertime activities include dog sledding, cross-country skiing, and snowmobiling. The park received 594,660 recreational visitors in 2018.",63.43,-150.32,https://upload.wikimedia.org/wikipedia/commons/thumb/c/c6/Every_Road-_Denali_%287945497984%29.jpg/330px-Every_Road-_Denali_%287945497984%29.jpg,natural,https://en.wikipedia.org/api/rest_v1/page/summary/Denali_National_Park_and_Preserve,Alaska
Dry Tortugas National Park,"Dry Tortugas National Park is a national park of the United States located about 68 miles (109 km) west of Key West in the Gulf of Mexico, in the United States. The park preserves Fort Jefferson and the several Dry Tortugas islands, the westernmost and most isolated of the Florida Keys. The archipelago's coral reefs are the least disturbed of the Florida Keys reefs.",24.62861111,-82.87333333,https://upload.wikimedia.org/wikipedia/commons/thumb/5/5f/Fort-Jefferson_Dry-Tortugas.jpg/330px-Fort-Jefferson_Dry-Tortugas.jpg,natural,https://en.wikipedia.org/api/rest_v1/page/summary/Dry_Tortugas_National_Park,Florida
Everglades National Park,"Everglades National Park is a national park of the United States that protects the southern twenty percent of the original Everglades in Florida. The park is the largest tropical wilderness in the United States and the largest wilderness of any kind east of the Mississippi River. An average of one million people visit the park each year. Everglades is the third-largest national park in the contiguous United States after Death Valley and Yellowstone. UNESCO declared the Everglades & Dry Tortugas Biosphere Reserve in 1976 and listed the park as a World Heritage Site in 1979, and the Ramsar Convention included the park on its list of Wetlands of International Importance in 1987. Everglades is one of only three locations in the world to appear on all three lists.",25.3125,-80.6875,https://upload.wikimedia.org/wikipedia/commons/thumb/2/2a/Sunset_over_the_River_of_Grass%2C_NPSphoto%2C_G.Gardner_%289255157507%29.jpg/330px-Sunset_over_the_River_of_Grass%2C_NPSphoto%2C_G.Gardner_%289255157507%29.jpg,natural,https://en.wikipedia.org/api/rest_v1/page/summary/Everglades_National_Park,Florida
Gates of the Arctic National Park and Preserve,"Gates of the Arctic National Park and Preserve is a national park of the United States that protects portions of the Brooks Range in northern Alaska. The park is the northernmost national park in the United States, situated entirely north of the Arctic Circle. The area of the park and preserve is the second largest in the U.S. at 8,472,506 acres ; the National Park portion is the second largest in the U.S., after the National Park portion of Wrangell–St. Elias National Park and Preserve.",67.78333333,-153.3,https://upload.wikimedia.org/wikipedia/commons/thumb/f/fc/Remote_river_in_Gates_of_the_Arctic_%2816524035298%29.jpg/330px-Remote_river_in_Gates_of_the_Arctic_%2816524035298%29.jpg,natural,https://en.wikipedia.org/api/rest_v1/page/summary/Gates_of_the_Arctic_National_Park_and_Preserve,Alaska
Gateway Arch National Park,"Gateway Arch National Park is a national park of the United States located in St. Louis, Missouri, near the starting point of the Lewis and Clark Expedition.",38.6246,-90.18497,https://upload.wikimedia.org/wikipedia/commons/thumb/d/de/Gateway_Arch%2C_St._Louis.jpg/330px-Gateway_Arch%2C_St._Louis.jpg,natural,https://en.wikipedia.org/api/rest_v1/page/summary/Gateway_Arch_National_Park,Missouri
Glacier Bay National Park and Preserve,"Glacier Bay National Park and Preserve is a national park of the United States located in Southeast Alaska west of Juneau. President Calvin Coolidge proclaimed the area around Glacier Bay a national monument under the Antiquities Act on February 26, 1925. Subsequent to an expansion of the monument by President Jimmy Carter in 1978, the Alaska National Interest Lands Conservation Act (ANILCA) enlarged the national monument by 523,000 acres on December 2, 1980, and created Glacier Bay National Park and Preserve. The national preserve encompasses 58,406 acres of public land to the immediate northwest of the park, protecting a portion of the Alsek River with its fish and wildlife habitats, while allowing sport hunting.",58.5,-137,https://upload.wikimedia.org/wikipedia/commons/thumb/b/bf/A045%2C_Glacier_Bay_National_Park%2C_Alaska%2C_USA%2C_Johns_Hopkins_Glacier%2C_2002.jpg/330px-A045%2C_Glacier_Bay_National_Park%2C_Alaska%2C_USA%2C_Johns_Hopkins_Glacier%2C_2002.jpg,natural,https://en.wikipedia.org/api/rest_v1/page/summary/Glacier_Bay_National_Park_and_Preserve,Alaska
Glacier National Park (U.S.),"Glacier National Park is a national park of the United States located in northwestern Montana, on the Canada–United States border. The park encompasses more than 1 million acres (4,100 km2) and includes parts of two mountain ranges, more than 130 named lakes, more than 1,000 different species of plants, and hundreds of species of animals. This vast pristine ecosystem is the centerpiece of what has been referred to as the ""Crown of the Continent Ecosystem"", a region of protected land encompassing 16,000 sq mi (41,000 km2).",48.755,-113.8,https://upload.wikimedia.org/wikipedia/commons/thumb/5/51/Mountain_Goat_at_Hidden_Lake.jpg/330px-Mountain_Goat_at_Hidden_Lake.jpg,natural,https://en.wikipedia.org/api/rest_v1/page/summary/Glacier_National_Park_(U.S.),Montana
Grand Canyon National Park,"Grand Canyon National Park is a national park of the United States located in northwestern Arizona, the 15th site to have been named as a national park. The park's central feature is the Grand Canyon, a gorge of the Colorado River, which is often considered one of the Wonders of the World. The park, which covers 1,217,262 acres of unincorporated area in Coconino and Mohave counties, received more than 4.7 million recreational visitors in 2023. The Grand Canyon was designated a World Heritage Site by UNESCO in 1979. The park celebrated its 100th anniversary on February 26, 2019.",36.0552608,-112.1218355,https://upload.wikimedia.org/wikipedia/commons/thumb/a/aa/Dawn_on_the_S_rim_of_the_Grand_Canyon_%288645178272%29.jpg/330px-Dawn_on_the_S_rim_of_the_Grand_Canyon_%288645178272%29.jpg,natural,https://en.wikipedia.org/api/rest_v1/page/summary/Grand_Canyon_National_Park,Arizona
Grand Teton National Park,"Grand Teton National Park is a national park of the United States in northwestern Wyoming. At approximately 310,000 acres (1,300 km2), the park includes the major peaks of the 40-mile-long (64 km) Teton Range as well as most of the northern sections of the valley known as Jackson Hole. Grand Teton National Park is 10 miles (16 km) south of Yellowstone National Park, to which it is connected by the John D. Rockefeller Jr. Memorial Parkway which is managed by the National Park Service. Along with surrounding national forests, these three protected areas constitute the almost 22-million-acre (89,000-square-kilometer) Greater Yellowstone Ecosystem, one of the world's largest intact mid-latitude temperate ecosystems.",43.83333333,-110.70083333,https://upload.wikimedia.org/wikipedia/commons/thumb/d/d0/Barns_grand_tetons.jpg/330px-Barns_grand_tetons.jpg,natural,https://en.wikipedia.org/api/rest_v1/page/summary/Grand_Teton_National_Park,Wyoming
Great Basin National Park,"Great Basin National Park is a national park of the United States located in White Pine County in east-central Nevada, near the Utah border, established in 1986. The park is most commonly entered by way of Nevada State Route 488, which is connected to U.S. Routes 6 and 50 by Nevada State Route 487 via the small town of Baker, the closest settlement.",39.00581,-114.21969,https://upload.wikimedia.org/wikipedia/commons/thumb/b/be/Prometheus_Wheeler.jpg/330px-Prometheus_Wheeler.jpg,natural,https://en.wikipedia.org/api/rest_v1/page/summary/Great_Basin_National_Park,Nevada
Great Sand Dunes National Park and Preserve,"Great Sand Dunes National Park and Preserve is a national park of the United States that conserves an area of large sand dunes on the eastern edge of the San Luis Valley, and an adjacent national preserve in the Sangre de Cristo Range, in south-central Colorado. The park was originally designated Great Sand Dunes National Monument on March 17, 1932, by President Herbert Hoover. The original boundaries protected an area of 35,528 acres. A boundary change and redesignation as a national park and preserve was authorized on November 22, 2000, and then established on September 24, 2004. The park encompasses 107,342 acres while the preserve protects an additional 41,686 acres for a total of 149,028 acres. The recreational visitor total was 527,546 in 2019.",37.7329,-105.5121,https://upload.wikimedia.org/wikipedia/commons/thumb/4/48/Great_Sand_Dunes_National_Park_and_Preserve%2C_United_States_%28Unsplash%29.jpg/330px-Great_Sand_Dunes_National_Park_and_Preserve%2C_United_States_%28Unsplash%29.jpg,natural,https://en.wikipedia.org/api/rest_v1/page/summary/Great_Sand_Dunes_National_Park_and_Preserve,Colorado
Great Smoky Mountains National Park,"Great Smoky Mountains National Park is a national park of the United States in the southeast, with parts in North Carolina and Tennessee. The park straddles the ridgeline of the Great Smoky Mountains, part of the Blue Ridge Mountains, which are a division of the larger Appalachian Mountain chain. The park contains some of the highest mountains in eastern North America, including Kuwohi, Mount Guyot, and Mount Le Conte. The border between the two states runs northeast to southwest through the center of the park. The Appalachian Trail passes through the center of the park on its route from Georgia to Maine. With 13 million visitors in 2023, the Great Smoky Mountains National Park is the most visited national park in the United States.",35.61111111,-83.425,https://upload.wikimedia.org/wikipedia/commons/thumb/b/bc/View_atop_Cliff_Tops_on_Mount_LeConte%2C_GSMNP%2C_TN.jpg/330px-View_atop_Cliff_Tops_on_Mount_LeConte%2C_GSMNP%2C_TN.jpg,natural,https://en.wikipedia.org/api/rest_v1/page/summary/Great_Smoky_Mountains_National_Park,Tennessee
Guadalupe Mountains National Park,"Guadalupe Mountains National Park is a national park of the United States in the Guadalupe Mountains, east of El Paso, Texas. The mountain range includes Guadalupe Peak, the highest point in Texas at 8,751 feet (2,667 m), and El Capitan used as a landmark by travelers on the route later followed by the Butterfield Overland Mail stagecoach line. The ruins of a stagecoach station stand near the Pine Springs visitor center. The restored Frijole Ranch contains a small museum of local history and is the trailhead for Smith Spring. The park covers 86,367 acres in the same mountain range as Carlsbad Caverns National Park, about 25 miles (40 km) to the north in New Mexico. The Guadalupe Peak Trail winds through pinyon pine and Douglas-fir forests as it ascends over 3,000 feet (910 m) to the summit of Guadalupe Peak, with views of El Capitan and the Chihuahuan Desert.",31.91666667,-104.86666667,https://upload.wikimedia.org/wikipedia/commons/thumb/8/8f/Guadalupe_Peak_from_Hunter_Peak.jpg/330px-Guadalupe_Peak_from_Hunter_Peak.jpg,natural,https://en.wikipedia.org/api/rest_v1/page/summary/Guadalupe_Mountains_National_Park,Texas
Haleakalā National Park,"Haleakalā National Park is a national park of the United States located on the island of Maui, Hawaii. Named after Haleakalā, a dormant volcano within its boundaries, the park covers an area of 33,265 acres, of which 24,719 acres is a wilderness area. The land was designated a national park in 1976 and its boundaries expanded in 2005.",20.71666667,-156.16666667,https://upload.wikimedia.org/wikipedia/commons/thumb/4/48/Haleakala_National_Park_02.jpg/330px-Haleakala_National_Park_02.jpg,natural,https://en.wikipedia.org/api/rest_v1/page/summary/Haleakalā_National_Park,Hawaii
Hawaiʻi Volcanoes National Park,"Hawaiʻi Volcanoes National Park is a national park of the United States located in Hawaii on the island of Hawaii. The park encompasses two active volcanoes: Kīlauea, one of the world's most active volcanoes, and Mauna Loa, the world's largest shield volcano. The park provides scientists with insight into the development of the Hawaiian Islands and access for studies of volcanism. For visitors, the park offers dramatic volcanic landscapes, glimpses of rare flora and fauna, and a view into the traditional Hawaiian culture connected to these landscapes.",19.38333333,-155.2,https://upload.wikimedia.org/wikipedia/commons/thumb/8/89/P%C4%81hoehoe_and_Aa_flows_at_Hawaii.jpg/330px-P%C4%81hoehoe_and_Aa_flows_at_Hawaii.jpg,natural,https://en.wikipedia.org/api/rest_v1/page/summary/Hawaiʻi_Volcanoes_National_Park,Hawaii
Hot Springs National Park,"Hot Springs National Park is a national park of the United States in central Garland County, Arkansas, adjacent to the city of Hot Springs. Hot Springs Reservation was initially created by an act of the United States Congress on April 20, 1832, to be preserved for future recreation. Established before the concept of a national park existed, it was the first time that land had been set aside by the federal government to preserve its use as an area for recreation. The hot spring water has been popularly believed for centuries to possess medicinal properties, and was a subject of legend among several Native American tribes. Following federal protection in 1832, the city developed into a successful spa town.",34.51361111,-93.05361111,https://upload.wikimedia.org/wikipedia/commons/thumb/a/a1/Steamy_Entrance_Springs_on_Cold_Night_in_Hot_Springs_National_Park.jpg/330px-Steamy_Entrance_Springs_on_Cold_Night_in_Hot_Springs_National_Park.jpg,natural,https://en.wikipedia.org/api/rest_v1/page/summary/Hot_Springs_National_Park,Arkansas
Indiana Dunes National Park,"Indiana Dunes National Park is a national park of the United States located in northwestern Indiana managed by the National Park Service. It was authorized by Congress in 1966 as the Indiana Dunes National Lakeshore and was redesignated as the nation's 61st national park on February 15, 2019. The park runs for about 20 miles (32 km) along the southern shore of Lake Michigan and covers 15,349 acres (6,212 ha). Along the lakefront, the eastern area is roughly the lake shore south to U.S. 12 or U.S. 20 between Michigan City, Indiana, on the east and the Cleveland-Cliffs steel plant on the west. This area's conservation scheme is enhanced by the older Indiana Dunes State Park. To the west of the steel plant lies West Beach and a small extension south of the steel mill continues west along Salt Creek to Indiana 249. The western area is roughly the shoreline south to U.S. 12 between the Burns Ditch west to Broadway in downtown Gary, Indiana. In addition, there are several outlying areas, including Pinhook Bog, in LaPorte County to the east; the Heron Rookery in Porter County, the center of the park; and the Hoosier Prairie State Nature Preserve and the Hobart Prairie Grove, both in Lake County, the western end of the park.",41.64805556,-87.10805556,https://upload.wikimedia.org/wikipedia/commons/thumb/3/3d/Indiana_Dunes_National_Lakeshore%2C_Michigan_City%2C_Indiana%2C_Estados_Unidos%2C_2012-10-20%2C_DD_03.jpg/330px-Indiana_Dunes_National_Lakeshore%2C_Michigan_City%2C_Indiana%2C_Estados_Unidos%2C_2012-10-20%2C_DD_03.jpg,natural,https://en.wikipedia.org/api/rest_v1/page/summary/Indiana_Dunes_National_Park,Indiana
Isle Royale National Park,"Isle Royale National Park is a national park of the United States consisting of Isle Royale, along with more than 400 small adjacent islands and the surrounding waters of Lake Superior, in Michigan.",48.01,-88.85,https://upload.wikimedia.org/wikipedia/commons/thumb/8/88/Edisen_Fishery_at_IRNP.jpg/330px-Edisen_Fishery_at_IRNP.jpg,natural,https://en.wikipedia.org/api/rest_v1/page/summary/Isle_Royale_National_Park,Michigan
Joshua Tree National Park,"Joshua Tree National Park is a US National Park located in southeastern California, straddling north-central Riverside County and part of southern San Bernardino County. Named after the endemic Joshua tree, found in the park and surrounding areas, Joshua Tree is situated some 130 miles (211 km) east of the city of Los Angeles and roughly 78 mi (125 km) east of the city of San Bernardino. Among some of the closest cities to the park are Indio, Palm Desert, and Palm Springs. Originally declared a national monument in 1936, Joshua Tree was redesignated as a national park in 1994 when the U.S. Congress passed the California Desert Protection Act.",34.1,-116.27,https://upload.wikimedia.org/wikipedia/commons/thumb/f/f9/Joshua_Tree_-_Cyclops_%2B_Potato_Head_-_Sunrise.jpg/330px-Joshua_Tree_-_Cyclops_%2B_Potato_Head_-_Sunrise.jpg,natural,https://en.wikipedia.org/api/rest_v1/page/summary/Joshua_Tree_National_Park,California
Katmai National Park and Preserve,"Katmai National Park and Preserve is a United States national park and preserve in southwest Alaska, notable for the Valley of Ten Thousand Smokes and for its brown bears. The park and preserve encompass 4,093,077 acres, which is between the sizes of Connecticut and New Jersey. Most of the national park is a designated wilderness area. The park is named after Mount Katmai, its centerpiece stratovolcano. The park is located on the Alaska Peninsula, across from Kodiak Island, with headquarters in nearby King Salmon, about 290 miles (470 km) southwest of Anchorage. The area was first designated a national monument in 1918 to protect the area around the major 1912 volcanic eruption of Novarupta, which formed the Valley of Ten Thousand Smokes, a 40-square-mile (100 km2), 100-to-700-foot-deep pyroclastic flow. The park includes as many as 18 individual volcanoes, seven of which have been active since 1900.",58.5,-155,https://upload.wikimedia.org/wikipedia/commons/thumb/1/1e/Katmai_Crater_1980.jpg/330px-Katmai_Crater_1980.jpg,natural,https://en.wikipedia.org/api/rest_v1/page/summary/Katmai_National_Park_and_Preserve,Alaska
Kenai Fjords National Park,"Kenai Fjords National Park is a national park of the United States that comprises the Harding Icefield, its outflowing glaciers, and coastal fjords and islands. The park covers an area of 669,984 acres on the Kenai Peninsula in south-central Alaska, west of the town of Seward.",59.91777778,-149.9875,https://upload.wikimedia.org/wikipedia/commons/thumb/c/cd/Kenai_Fjords_coast.jpg/330px-Kenai_Fjords_coast.jpg,natural,https://en.wikipedia.org/api/rest_v1/page/summary/Kenai_Fjords_National_Park,Alaska
Kings Canyon National Park,"Kings Canyon National Park is a national park of the United States in the southern Sierra Nevada, in Fresno and Tulare Counties, California. Originally established in 1890 as General Grant National Park, the park was greatly expanded and renamed on March 4, 1940. The park's namesake, Kings Canyon, is a rugged glacier-carved valley more than a mile (1,600 m) deep. Other natural features include multiple 14,000-foot (4,300 m) peaks, high mountain meadows, swift-flowing rivers, and some of the world's largest stands of giant sequoia trees. Kings Canyon is north of and contiguous with Sequoia National Park, and both parks are jointly administered by the National Park Service as the Sequoia and Kings Canyon National Parks.",36.78928,-118.67286,https://upload.wikimedia.org/wikipedia/commons/thumb/3/3a/KingsCanyonNP.JPG/330px-KingsCanyonNP.JPG,natural,https://en.wikipedia.org/api/rest_v1/page/summary/Kings_Canyon_National_Park,California
Kobuk Valley National Park,"Kobuk Valley National Park is a national park of the United States in the Arctic region of northwestern Alaska, located about 25 miles (40 km) north of the Arctic Circle. The park was designated in 1980 by the Alaska National Interest Lands Conservation Act to preserve the 100 ft (30 m) high Great Kobuk Sand Dunes and the surrounding area which includes caribou migration routes. Park visitors must bring all their own gear for backcountry camping, hiking, backpacking, boating, and dog sledding. No designated trails or roads exist in the park, which at 1,750,716 acres, is slightly larger than the state of Delaware. Kobuk Valley is one of eight national parks in Alaska, the state with the second most national parks, surpassed only by California which has nine. The park is managed by the National Park Service.",67.55,-159.28333333,https://upload.wikimedia.org/wikipedia/commons/thumb/d/de/Kobuk_Bendlova_235.jpg/330px-Kobuk_Bendlova_235.jpg,natural,https://en.wikipedia.org/api/rest_v1/page/summary/Kobuk_Valley_National_Park,Alaska
Lake Clark National Park and Preserve,"Lake Clark National Park and Preserve is a United States national park and preserve in southwest Alaska, about 100 miles (160 km) southwest of Anchorage. The park was first proclaimed a national monument in 1978, then established as a national park and preserve in 1980 by the Alaska National Interest Lands Conservation Act. The park includes many streams and lakes vital to the Bristol Bay salmon fishery, including its namesake Lake Clark. A wide variety of recreational activities may be pursued in the park and preserve year-round. The park protects rainforests along the coastline of Cook Inlet, alpine tundra, glaciers, glacial lakes, major salmon-bearing rivers, and two volcanoes, Mount Redoubt and Mount Iliamna. Mount Redoubt is active, erupting in 1989 and 2009. The wide variety of ecosystems in the park mean that virtually all major Alaskan animals, terrestrial and marine, may be seen in and around the park. Salmon, particularly sockeye salmon, play a major role in the ecosystem and the local economy. Large populations of brown bears are attracted to feed on the spawning salmon in the Kijik River and at Silver Salmon Creek. Bear watching is a common activity in the park.",60.96666667,-153.41666667,https://upload.wikimedia.org/wikipedia/commons/thumb/a/ac/Lake_Clark_National_Park.jpg/330px-Lake_Clark_National_Park.jpg,natural,https://en.wikipedia.org/api/rest_v1/page/summary/Lake_Clark_National_Park_and_Preserve,Alaska
Lassen Volcanic National Park,"Lassen Volcanic National Park is a national park of the United States in northeastern California. The dominant feature of the park is Lassen Peak, the largest plug dome volcano in the world and the southernmost volcano in the Cascade Range. Lassen Volcanic National Park is one of the few areas in the world where all four types of volcanoes can be found: plug dome, shield, cinder cone, and stratovolcano.",40.49805556,-121.4275,https://upload.wikimedia.org/wikipedia/commons/thumb/f/ff/Lassen_Peak_and_Lake_Helen.jpg/330px-Lassen_Peak_and_Lake_Helen.jpg,natural,https://en.wikipedia.org/api/rest_v1/page/summary/Lassen_Volcanic_National_Park,California
Mammoth Cave National Park,"Mammoth Cave National Park is a national park of the United States in south-central Kentucky. It encompasses portions of Mammoth Cave, the longest known cave system in the world. The park's 52,830 acres (21,380 ha) are located primarily in Edmonson County, with small areas extending eastward into Hart and Barren counties. The Green River runs through the park, with a tributary called the Nolin River feeding into the Green just inside the park.",37.18694444,-86.10111111,https://upload.wikimedia.org/wikipedia/commons/thumb/7/70/Mammoth_Cave_Rotunda_%28USGS_Lwt02830%29.jpg/330px-Mammoth_Cave_Rotunda_%28USGS_Lwt02830%29.jpg,natural,https://en.wikipedia.org/api/rest_v1/page/summary/Mammoth_Cave_National_Park,Kentucky
Mesa Verde National Park,"Mesa Verde National Park is a national park of the United States and UNESCO World Heritage Site located in Montezuma County, Colorado, and the only World Heritage Site in Colorado. The park protects some of the best-preserved Ancestral Puebloan ancestral sites in the United States.",37.1838,-108.4887,https://upload.wikimedia.org/wikipedia/commons/thumb/8/83/Cliff_Palace-Colorado-Mesa_Verde_NP.jpg/330px-Cliff_Palace-Colorado-Mesa_Verde_NP.jpg,natural,https://en.wikipedia.org/api/rest_v1/page/summary/Mesa_Verde_National_Park,Colorado
Mount Rainier National Park,"Mount Rainier National Park is a national park of the United States located in southeast Pierce County and northeast Lewis County in Washington state. The park was established on March 2, 1899, as the fourth national park in the United States, preserving 236,381 acres including all of Mount Rainier, a 14,410-foot (4,390 m) stratovolcano. The mountain rises abruptly from the surrounding land with elevations in the park ranging from 1,600 feet to over 14,000 feet (490–4,300 m). The highest point in the Cascade Range, Mount Rainier is surrounded by valleys, waterfalls, subalpine meadows, and 91,000 acres of old-growth forest. More than 25 glaciers descend the flanks of the volcano, which is often shrouded in clouds that dump enormous amounts of rain and snow.",46.85,-121.75,https://upload.wikimedia.org/wikipedia/commons/thumb/3/32/Mount_Rainier_from_above_Myrtle_Falls_in_August.JPG/330px-Mount_Rainier_from_above_Myrtle_Falls_in_August.JPG,natural,https://en.wikipedia.org/api/rest_v1/page/summary/Mount_Rainier_National_Park,Washington
New River Gorge National Park and Preserve,"The New River Gorge National Park and Preserve is a United States national park and preserve designed to protect and maintain the New River Gorge in southern West Virginia in the Appalachian Mountains. Established in 1978 as a national river and redesignated in 2020, the park and preserve stretches for 53 miles (85 km) from just downstream of Hinton to Hawks Nest State Park near Ansted.",37.96083333,-81.08166667,https://upload.wikimedia.org/wikipedia/commons/thumb/2/23/Grandview_Overlook%2C_New_River.jpg/330px-Grandview_Overlook%2C_New_River.jpg,natural,https://en.wikipedia.org/api/rest_v1/page/summary/New_River_Gorge_National_Park_and_Preserve,West Virginia
North Cascades National Park,"North Cascades National Park is a national park of the United States in Washington. At more than 500,000 acres (200,000 ha), it is the largest of the three National Park Service units that comprise the North Cascades National Park Complex. North Cascades National Park consists of a northern and southern section, bisected by the Skagit River that flows through the reservoirs of Ross Lake National Recreation Area. Lake Chelan National Recreation Area lies on the southern border of the south unit of the park. In addition to the two national recreation areas, other protected lands including several national forests and wilderness areas, as well as Canadian provincial parks in British Columbia, nearly surround the park. North Cascades National Park features the rugged mountain peaks of the North Cascades Range, the most expansive glacial system in the contiguous United States, the headwaters of numerous waterways, and vast forests with the highest degree of flora biodiversity of any American national park.",48.83277778,-121.3475,https://upload.wikimedia.org/wikipedia/commons/thumb/8/80/Cascade_Pass_and_Pelton_Basin.jpg/330px-Cascade_Pass_and_Pelton_Basin.jpg,natural,https://en.wikipedia.org/api/rest_v1/page/summary/North_Cascades_National_Park,Washington
Olympic National Park,"Olympic National Park is a national park of the United States located in Washington, on the Olympic Peninsula. The park has four regions: the Pacific coastline, alpine areas, the west-side temperate rainforest, and the forests of the drier east side. Within the park there are three distinct ecosystems, including subalpine forest and wildflower meadow, temperate forest, and the rugged Pacific coast.",47.96935,-123.49856,https://upload.wikimedia.org/wikipedia/commons/thumb/a/a8/Cedar_Creek_Abbey_Island_Ruby_Beach.jpg/330px-Cedar_Creek_Abbey_Island_Ruby_Beach.jpg,natural,https://en.wikipedia.org/api/rest_v1/page/summary/Olympic_National_Park,Washington
Petrified Forest National Park,"Petrified Forest National Park is a national park of the United States in Navajo and Apache counties in northeastern Arizona. Named for its large deposits of petrified wood, the park covers about 346 square miles, encompassing semi-desert shrub steppe as well as highly eroded and colorful badlands. The park's headquarters is about 26 miles (42 km) east of Holbrook along Interstate 40 (I-40), which parallels the BNSF Railway's Southern Transcon, the Puerco River, and historic U.S. Route 66, all crossing the park roughly east–west. The site, the northern part of which extends into the Painted Desert, was declared a national monument in 1906 and a national park in 1962. The park received 644,922 recreational visitors in 2018.",35.08805556,-109.80638889,https://upload.wikimedia.org/wikipedia/commons/thumb/5/51/Jasper_Forest_at_Petrified_Forest_NP_in_AZ_12.jpg/330px-Jasper_Forest_at_Petrified_Forest_NP_in_AZ_12.jpg,natural,https://en.wikipedia.org/api/rest_v1/page/summary/Petrified_Forest_National_Park,Arizona
Pinnacles National Park,"Pinnacles National Park is a national park of the United States protecting a mountainous area located east of the Salinas Valley in Central California, about five miles (8 km) east of Soledad and 80 miles (130 km) southeast of San Jose. The park's namesakes are the eroded leftovers of the western half of an extinct volcano that has moved 200 miles (320 km) from its original location on the San Andreas Fault, embedded in a portion of the California Pacific Coast Ranges. Pinnacles is managed by the National Park Service and the majority of the park is protected as wilderness.",36.48694444,-121.16694444,https://upload.wikimedia.org/wikipedia/commons/thumb/4/44/Rock_formations_at_Pinnacles_National_Park.jpg/330px-Rock_formations_at_Pinnacles_National_Park.jpg,natural,https://en.wikipedia.org/api/rest_v1/page/summary/Pinnacles_National_Park,California
Redwood National and State Parks,"The Redwood National and State Parks (RNSP) are a complex of one United States national park and three California state parks located along the coast of northern California. The combined RNSP contain Redwood National Park, Del Norte Coast Redwoods State Park, Jedediah Smith Redwoods State Park, and Prairie Creek Redwoods State Park. The parks' 139,000 acres preserve 45 percent of all remaining old-growth coast redwood forests.",41.3,-124,https://upload.wikimedia.org/wikipedia/commons/thumb/d/de/Redwood_National_Park%2C_fog_in_the_forest.jpg/330px-Redwood_National_Park%2C_fog_in_the_forest.jpg,natural,https://en.wikipedia.org/api/rest_v1/page/summary/Redwood_National_and_State_Parks,California
Rocky Mountain National Park,"Rocky Mountain National Park is a national park of the United States located approximately 55 mi (89 km) northwest of Denver in north-central Colorado, within the Front Range of the Rocky Mountains. The park is situated between the towns of Estes Park to the east and Grand Lake to the west. The eastern and western slopes of the Continental Divide run directly through the center of the park with the headwaters of the Colorado River located in the park's northwestern region. The main features of the park include mountains, alpine lakes and a wide variety of wildlife within various climates and environments, from wooded forests to mountain tundra.",40.3466,-105.7364,https://upload.wikimedia.org/wikipedia/commons/thumb/3/3e/Rocky_Mountain_National_Park_in_September_2011_-_Glacier_Gorge_from_Bear_Lake.JPG/330px-Rocky_Mountain_National_Park_in_September_2011_-_Glacier_Gorge_from_Bear_Lake.JPG,natural,https://en.wikipedia.org/api/rest_v1/page/summary/Rocky_Mountain_National_Park,Colorado
Saguaro National Park,"Saguaro National Park is a national park of the United States in southeastern Arizona. The 92,000-acre (37,000 ha) park consists of two separate areas—the Tucson Mountain District (TMD), about 10 miles (16 km) west of Tucson, and the Rincon Mountain District (RMD), about 10 miles (16 km) east of the city. Both districts preserve Sonoran Desert landscapes, fauna, and flora, including the giant saguaro cactus.",32.17916667,-110.73694444,https://upload.wikimedia.org/wikipedia/commons/thumb/b/b4/Saguaro_Sunset.jpg/330px-Saguaro_Sunset.jpg,natural,https://en.wikipedia.org/api/rest_v1/page/summary/Saguaro_National_Park,Arizona
Sequoia National Park,"Sequoia National Park is a national park of the United States in the southern Sierra Nevada east of Visalia, California. The park was established on September 25, 1890, and today protects 404,064 acres of forested mountainous terrain. Encompassing a vertical relief of nearly 13,000 feet (4,000 m), the park contains the highest point in the contiguous United States, Mount Whitney, at 14,505 feet (4,421 m) above sea level. The park is south of, and contiguous with, Kings Canyon National Park; both parks are administered by the National Park Service together as Sequoia and Kings Canyon National Parks. UNESCO designated the areas as Sequoia-Kings Canyon Biosphere Reserve in 1976.",36.56472222,-118.77277778,https://upload.wikimedia.org/wikipedia/commons/thumb/d/d0/General_Sherman_Tree_in_Sequoia_National_Park_-_June_2022.jpg/330px-General_Sherman_Tree_in_Sequoia_National_Park_-_June_2022.jpg,natural,https://en.wikipedia.org/api/rest_v1/page/summary/Sequoia_National_Park,California
Shenandoah National Park,"Shenandoah National Park is a national park of the United States that encompasses part of the Blue Ridge Mountains in Virginia. The park is long and narrow, with the Shenandoah River and its broad valley to the west, and the rolling hills of the Virginia Piedmont to the east. Skyline Drive is the main park road, generally traversing along the ridgeline of the mountains. Almost 40% of the park's land—79,579 acres —has been designated as wilderness areas and is protected as part of the National Wilderness Preservation System. The highest peak is Hawksbill Mountain at 4,051 feet (1,235 m).",38.53333333,-78.35,https://upload.wikimedia.org/wikipedia/commons/thumb/1/10/Skyline_Drive_in_the_Fall_%2821852619608%29.jpg/330px-Skyline_Drive_in_the_Fall_%2821852619608%29.jpg,natural,https://en.wikipedia.org/api/rest_v1/page/summary/Shenandoah_National_Park,Virginia
Theodore Roosevelt National Park,"Theodore Roosevelt National Park is a national park of the United States in the badlands of western North Dakota comprising three geographically separated areas. This park pays homage to the time that Theodore Roosevelt spent in the surrounding area and in the Dakota Territories before they were states. Roosevelt lived in the area after his mother and wife died hours apart on February 14, 1884. Theodore Roosevelt National Park is the only American national park named after a single person.",46.96666667,-103.45,https://upload.wikimedia.org/wikipedia/commons/thumb/3/34/View_of_Theodore_Roosevelt_National_Park.jpg/330px-View_of_Theodore_Roosevelt_National_Park.jpg,natural,https://en.wikipedia.org/api/rest_v1/page/summary/Theodore_Roosevelt_National_Park,North Dakota
Virgin Islands National Park,"The Virgin Islands National Park is a national park of the United States preserving about 60% of the land area of Saint John, U.S. Virgin Islands, as well as more than 5,500 acres of adjacent ocean, and nearly all of Hassel Island, just off the Charlotte Amalie, Saint Thomas harbor.",18.33333333,-64.73333333,https://upload.wikimedia.org/wikipedia/commons/thumb/2/20/St_John_Trunk_Bay_3.jpg/330px-St_John_Trunk_Bay_3.jpg,natural,https://en.wikipedia.org/api/rest_v1/page/summary/Virgin_Islands_National_Park,U.S. Virgin Islands
Voyageurs National Park,"Voyageurs National Park is a national park of the United States in northern Minnesota established in 1975. It is located near the city of International Falls. The park's name commemorates the voyageurs—French-Canadian fur traders who were the first European settlers to frequently travel through the area. Notable for its outstanding water resources, the park is popular with canoeists, kayakers, other boaters, and fishermen. The Kabetogama Peninsula, which lies entirely within the park and makes up most of its land area, is accessible only by boat. To the east of the park lies the Boundary Waters Canoe Area Wilderness.",48.5,-92.88333333,https://upload.wikimedia.org/wikipedia/commons/thumb/b/bd/Voyageurs_National_Park.jpg/330px-Voyageurs_National_Park.jpg,natural,https://en.wikipedia.org/api/rest_v1/page/summary/Voyageurs_National_Park,Minnesota
White Sands National Park,"White Sands National Park is a national park of the United States located in New Mexico and completely surrounded by the White Sands Missile Range. The park covers 145,762 acres in the Tularosa Basin, including the southern 41% of a 275 sq mi (710 km2) field of white sand dunes composed of gypsum crystals. This gypsum dunefield is the largest of its kind on Earth, with a depth of about 30 feet (9.1 m), dunes as tall as 60 feet (18 m), and about 4.5 billion short tons of gypsum sand.",32.77916667,-106.17194444,https://upload.wikimedia.org/wikipedia/commons/thumb/6/6b/Aerial_view_of_dunefield%2C_White_Sands_National_Park%2C_New_Mexico%2C_United_States.png/330px-Aerial_view_of_dunefield%2C_White_Sands_National_Park%2C_New_Mexico%2C_United_States.png,natural,https://en.wikipedia.org/api/rest_v1/page/summary/White_Sands_National_Park,New Mexico
Wind Cave National Park," Wind Cave National Park is a national park of the United States located 10 miles (16 km) north of the town of Hot Springs in western South Dakota. Established on January 3, 1903 by President Theodore Roosevelt, it was the sixth national park in the U.S. and the first cave to be designated a national park anywhere in the world. The cave is notable for its calcite formations known as boxwork, as well as its frostwork. Approximately 95 percent of the world's discovered boxwork formations are found in Wind Cave.",43.55635,-103.47865,https://upload.wikimedia.org/wikipedia/commons/thumb/1/1c/Skyway_Lake%2C_stalactites%2C_Wind_Cave.jpg/330px-Skyway_Lake%2C_stalactites%2C_Wind_Cave.jpg,natural,https://en.wikipedia.org/api/rest_v1/page/summary/Wind_Cave_National_Park,South Dakota
Wrangell–St. Elias National Park and Preserve,"Wrangell–St. Elias National Park and Preserve is a United States national park and preserve in south central Alaska. The park, the largest in the United States, covers the Wrangell Mountains and a large portion of the Saint Elias Mountains, which include most of the highest peaks in the United States and Canada, yet are within 10 miles (16 km) of tidewater, one of the highest reliefs in the world. The park's high point is Mount Saint Elias at 18,008 feet (5,489 m), the second tallest mountain in both the United States and Canada. The park has been shaped by the competing forces of volcanism and glaciation, with its tall mountains uplifted by plate tectonics. Mount Wrangell and Mount Churchill are among major volcanos in these ranges. The park's glacial features include Malaspina Glacier, the largest piedmont glacier in North America, Hubbard Glacier, the longest tidewater glacier in Alaska, and Nabesna Glacier, the world's longest valley glacier. The Bagley Icefield covers much of the park's interior, which includes 60% of the permanently ice-covered terrain in Alaska. At the center of the park and preserve, the boomtown of Kennecott exploited one of the world's richest deposits of copper from 1903 to 1938. The abandoned mine buildings and mills comprise a National Historic Landmark district.",61.435,-142.95361111,https://upload.wikimedia.org/wikipedia/commons/thumb/4/4b/Mt_Saint_Elias%2C_South_Central_Alaska.jpg/330px-Mt_Saint_Elias%2C_South_Central_Alaska.jpg,natural,https://en.wikipedia.org/api/rest_v1/page/summary/Wrangell–St._Elias_National_Park_and_Preserve,Alaska
Yellowstone National Park,"Yellowstone National Park is a national park of the United States located in the northwest corner of Wyoming, with small portions extending into Montana and Idaho. It was established by the 42nd U.S. Congress through the Yellowstone National Park Protection Act and signed into law by President Ulysses S. Grant on March 1, 1872. Yellowstone was the first national park in the US, and is also widely understood to be the first national park in the world. The park is known for its wildlife and its many geothermal features, especially the Old Faithful geyser, one of its most popular. While it represents many types of biomes, the subalpine forest is the most abundant. It is part of the South Central Rockies forests ecoregion.",44.6,-110.5,https://upload.wikimedia.org/wikipedia/commons/thumb/7/73/Grand_Canyon_of_yellowstone.jpg/330px-Grand_Canyon_of_yellowstone.jpg,natural,https://en.wikipedia.org/api/rest_v1/page/summary/Yellowstone_National_Park,Wyoming
Yosemite National Park,"Yosemite National Park is a national park of the United States in California. It is bordered on the southeast by Sierra National Forest and on the northwest by Stanislaus National Forest. The park is managed by the National Park Service and covers 759,620 acres in four counties – centered in Tuolumne and Mariposa, extending north and east to Mono and south to Madera. Designated a World Heritage Site in 1984, Yosemite is internationally recognized for its granite cliffs, waterfalls, clear streams, groves of giant sequoia, lakes, mountains, meadows, glaciers, and biological diversity. Almost 95 percent of the park is designated wilderness. Yosemite is one of the largest and least fragmented habitat blocks in the Sierra Nevada.",37.7425,-119.5375,https://upload.wikimedia.org/wikipedia/commons/thumb/1/13/Tunnel_View%2C_Yosemite_Valley%2C_Yosemite_NP_-_Diliff.jpg/330px-Tunnel_View%2C_Yosemite_Valley%2C_Yosemite_NP_-_Diliff.jpg,natural,https://en.wikipedia.org/api/rest_v1/page/summary/Yosemite_National_Park,California
Zion National Park,"Zion National Park is a national park of the United States located in southwestern Utah near the town of Springdale. Located at the junction of the Colorado Plateau, Great Basin, and Mojave Desert regions, the park has a unique geography and a variety of life zones that allow for unusual plant and animal diversity. Numerous plant species as well as 289 species of birds, 75 mammals, and 32 reptiles inhabit the park's four life zones: desert, riparian, woodland, and coniferous forest. Zion National Park includes mountains, canyons, buttes, mesas, monoliths, rivers, slot canyons, and natural arches. The lowest point in the park is 3,666 ft (1,117 m) at Coalpits Wash and the highest peak is 8,726 ft (2,660 m) at Horse Ranch Mountain. A prominent feature of the 229-square-mile (590 km2) park is Zion Canyon, which is 15 miles (24 km) long and up to 2,640 ft (800 m) deep. The canyon walls are reddish and tan-colored Navajo Sandstone eroded by the North Fork of the Virgin River. The park attracted 5 million visitors in 2023.",37.3,-113,https://upload.wikimedia.org/wikipedia/commons/thumb/1/10/Zion_angels_landing_view.jpg/330px-Zion_angels_landing_view.jpg,natural,https://en.wikipedia.org/api/rest_v1/page/summary/Zion_National_Park,Utah
